row_id,rule_violation
2029,0.39593638075779325
2030,0.40863942173810597
2031,0.8754619718970545
2032,0.501064970990942
2033,0.624145758576479
2034,0.18390946895810079
2035,0.6433887772197963
2036,0.16259131288039833
2037,0.1589943204060696
2038,0.47234930495523575
